{
"_comment" : "Kilauea 2018",
 "AS0"  : [19.4638, -154.91315, 251.0],
 "AF2"  : [19.46406, -154.91307, 255.0],
 "AEY"  : [19.46388, -154.91308, 259.0],
 "AF0"  : [19.4638, -154.91287, 254.0]
}
